employeeNumber,effectiveDate,baseSalary,govtBonus,bonus,niEmployerAmount,otherContributions,billableHoursTarget,productivityPercent,billablePercent,niRateType,allocateOverheads
1,38718,28225,512,0,1620.68,0,0,1,0.9,0,YES
1,38808,34940.53,512,0,1620.68,0,0,1,0.9,0,YES
1,39083,35152.5,512,0,1641.27,0,0,1,0.9,0,YES
2,38718,20072.12,512,0,1620.68,0,0,1,0.95,0,YES
2,39083,20284.28,512,0,1641.28,0,0,1,0.95,0,YES
3,38808,34940.6,512,0,1620.68,0,0,1,0.9,0,YES
3,39083,35152.48,512,0,1641.28,0,0,1,0.9,0,YES
4,38838,20052.28,512,0,1620.68,0,0,1,0.95,0,YES
4,38869,20964.36,512,0,1620.68,0,0,1,0.95,0,YES
4,39083,20964.36,512,0,1620.68,0,0,1,0.95,0,YES
4,39356,22128.86,512,0,1641.28,0,0,1,1,0,YES
5,38838,17470.3,512,0,1620.68,0,0,1,0.95,0,YES
5,39083,18635.08,512,0,1641.68,0,0,1,0.95,0,YES
5,39264,19800,512,0,1641.68,0,0,1,0.95,0,YES
8,39114,20964.64,512,0,1641.28,0,0,1,0.95,0,YES
8,39295,22128.86,512,0,1641.28,0,0,1,0.95,0,YES
9,39114,20964.64,512,0,1641.28,0,0,1,0.95,0,YES
9,39295,22128.86,512,0,1641.28,0,0,1,0.95,0,YES
10,39173,34940.6,512,0,1641.28,0,0,1,0.95,0,YES
14,39203,41928.72,512,0,1641.28,0,0,1,1,0,YES
6,38899,20964.64,512,0,1641.28,0,0,1,0.95,0,YES
11,39356,2180.29,115.2,0,578.86,0,0,0.225,0,0,NO
1,39448,41929.2,512,0,1660.88,0,0,1,0.9,0,YES
1,39814,58446.48,512,0,1681.16,0,0,1,0.9,0,YES
1,40179,45829.56,512,0,1711.32,0,0,1,0.9,0,YES
2,39448,20466.12,512,0,1660.88,0,0,1,0.95,0,YES
2,39814,20678.28,512,0,1681.16,0,0,1,0.95,0,YES
2,40179,20980.92,512,0,1711.32,0,0,1,0.95,0,YES
3,39448,41929.2,512,0,1660.88,0,0,1,0.9,0,YES
3,39814,58446.48,512,0,1681.16,0,0,1,0.9,0,YES
3,40179,71629.92,512,0,1711.32,0,0,1,0.9,0,YES
5,39448,20964.36,512,0,1660.88,0,0,1,0.95,0,YES
5,39630,22128.96,512,0,1660.88,0,0,1,0.95,0,YES
5,39814,22341.12,512,0,1681.16,0,0,1,0.95,0,YES
5,39873,24670.56,512,0,1681.16,0,0,1,0.95,0,YES
5,40179,30279.48,512,0,1711.32,0,0,1,0.95,0,YES
8,39448,22310.64,512,0,1660.88,0,0,1,0.95,0,YES
8,39814,22522.8,512,0,1681.16,0,0,1,0.95,0,YES
8,39873,24852.24,512,0,1681.16,0,0,1,0.95,0,YES
8,40179,25154.88,512,0,1711.32,0,0,1,0.95,0,YES
8,40452,36400,512,0,1711.32,0,0,1,0.95,0,YES
9,39448,22310.64,512,0,1660.88,0,0,1,0.95,0,YES
9,39814,22522.8,512,0,1681.16,0,0,1,0.95,0,YES
9,40057,25623.48,512,0,1681.16,0,0,1,0.95,0,YES
9,40179,25623.48,512,0,1711.32,0,0,1,0.95,0,YES
14,39448,42110.12,512,0,1660.88,0,0,1,1,0,YES
14,39539,43093.44,512,0,1660.88,0,0,1,1,0,YES
14,39814,43305.6,512,0,1681.16,0,0,1,1,0,YES
14,39904,44470.44,512,0,1681.16,0,0,1,1,0,YES
14,40179,44773.08,512,0,1711.32,0,0,1,1,0,YES
14,40269,45422.04,512,0,1711.32,0,0,1,1,0,YES
6,39448,21146.88,512,0,1660.88,0,0,1,0.95,0,YES
6,39814,21359.04,512,0,1681.16,0,0,1,0.95,0,YES
6,39873,23688.48,512,0,1681.16,0,0,1,0.95,0,YES
6,40179,30279.48,512,0,1711.32,0,0,1,0.95,0,YES
10,39448,35122.92,512,0,1660.88,0,0,1,0.95,0,YES
10,39814,40976.52,512,0,1681.16,0,0,1,0.95,0,YES
10,40179,55400,512,0,1711.32,0,0,1,0.95,0,YES
10,40238,55400,512,0,1711.32,0,0,1,0.95,0,YES
4,39448,22310.64,512,0,1660.88,0,0,1,1,0,YES
4,39814,22522.8,512,0,1681.16,0,0,1,1,0,YES
4,40179,22825.44,512,0,1711.32,0,0,1,1,0,YES
4,40483,22825.44,512,0,1711.32,0,0,1,1,0,YES
11,39448,2180.88,115.2,0,578.86,0,0,0.225,0,0,NO
15,39722,19800,512,0,1660.88,0,0,1,1,0,YES
15,39814,20012.16,512,0,1681.16,0,0,1,1,0,YES
15,40087,24458.4,512,0,1681.16,0,0,1,1,0,YES
15,40179,24458.4,512,0,1711.32,0,0,1,1,0,YES
12,39995,2714.4,512,0,271.44,0,0,1,0.95,0,YES
12,40087,2714.4,512,0,271.44,0,0,1,0.95,0,YES
13,39974,16500.12,512,0,1650,0,0,1,0,0,NO
13,40179,16802.76,512,0,1680,0,0,1,0,0,NO
13,40513,16802.76,512,0,1680,0,0,1,0,0,NO
7,39995,16300,512,0,1630,0,0,1,0.95,0,YES
7,40179,16602.6,512,0,1660,0,0,1,0.95,0,YES
7,40422,18649.8,512,0,1711.32,0,0,1,0.95,0,YES
17,40299,16300,512,0,1711.32,0,0,1,1,0,YES
16,40057,15150.24,512,0,1515,0,0,1,0.95,0,YES
16,40179,15452.88,512,0,1545,0,0,1,0.95,0,YES
18,40330,25000,512,0,1711.32,0,0,1,0.95,0,YES
22,40179,27960.36,0,0,0,0,0,0.125,0,0,NO
1,40544,45889.92,512,0,1840.28,0,0,1,0.9,0,YES
1,39814,45889.92,512,0,1840.28,0,0,1,0.6,0,YES
3,40544,71690.16,512,0,1840.28,0,0,1,0.9,0,YES
3,39814,71690.16,512,0,1840.28,0,0,1,0.6,0,YES
2,40544,21041.28,512,0,1840.28,0,0,1,1,0,YES
2,40634,23292.96,512,0,1840.28,0,0,1,1,0,YES
5,40544,33829,512,0,1840.28,0,0,1,1,0,YES
6,40544,30339.72,512,0,1840.28,0,0,1,0.95,0,YES
6,39814,30339.72,512,0,1840.28,0,0,1,0.8,0,YES
7,40544,20000,512,0,1840.28,0,0,1,0.95,0,YES
8,40544,36460.08,512,0,1840.28,0,0,1,0.95,0,YES
9,40544,25683.84,512,0,1840.28,0,0,1,0.95,0,YES
11,40544,2194.92,115.2,0,578.86,0,0,0.225,0,0,NO
14,40544,45482.28,512,0,1840.28,0,0,1,1,0,YES
14,40634,46587.48,512,0,1840.28,0,0,1,1,0,YES
16,40544,16013.16,512,0,1601,0,0,1,0.95,0,YES
18,40544,30000,512,0,1840.28,0,0,1,0.95,0,YES
17,40544,19779.72,512,0,1840.28,0,0,1,1,0,YES
19,40544,15600,256,0,1560,0,0,0.5,0,0,NO
20,40575,11450,512,0,1145,0,0,1,0,0,NO
18,40725,30000,512,0,1840.28,0,0,1,0.95,0,YES
12,40664,14560,512,0,1456,0,0,1,0.95,0,YES
12,40817,14560,512,0,1456,0,0,1,0.95,0,YES
15,40544,24518.52,512,0,1840.28,0,0,1,1,0,YES
11,39974,2194.92,115.2,0,578.86,0,0,0.225,1,0,NO
2,40848,23292.96,512,0,1840.28,0,0,1,1,0,YES
21,40823,16500,512,0,1650,0,0,1,0.95,0,YES
1,40939,46132.24,512,0,1968.2,0,0,1,0.9,0,YES
3,40939,71932.48,512,0,1968.2,0,0,1,0.9,0,YES
5,40939,34071.76,512,0,1968.2,0,0,1,1,0,YES
6,40939,30582.04,512,0,1968.2,0,0,1,0.95,0,YES
7,40939,20242.32,512,0,1968.2,0,0,1,0.95,0,YES
8,40939,36702.4,512,0,1968.2,0,0,1,0.95,0,YES
9,40939,25926.16,512,0,1968.2,0,0,1,0.95,0,YES
11,40939,2249.44,115.2,0,822.12,0,0,0.225,0,0,NO
14,40939,46829.8,512,0,1968.2,0,0,1,1,0,YES
15,40939,24760.84,512,0,1968.2,0,0,1,1,0,YES
16,40939,16255.48,512,0,1625,0,0,1,0.95,0,YES
17,40939,20022.04,512,0,1964.56,0,0,1,1,0,YES
19,40939,15721.16,256,0,1572,0,0,0.5,0,0,NO
21,40939,16742.32,512,0,1674,0,0,1,0.95,0,YES
23,40962,13500,512,0,1350,0,0,1,1,0,YES
19,41061,9432.72,256,0,943.27,0,0,0.3,0,0,NO
23,41153,14500,512,0,1350,0,0,1,1,0,YES
1,41153,46132.24,512,0,1968.2,0,0,1,1,0,YES
3,41153,71932.48,512,0,1968.2,0,0,1,1,0,YES
5,41183,34071.76,512,0,1968.2,0,0,1,1,0,YES
6,41183,30582.04,512,0,1968.2,0,0,1,1,0,YES
7,41183,20242.32,512,0,1968.2,0,0,1,1,0,YES
8,41183,36702.4,512,0,1968.2,0,0,1,1,0,YES
9,41183,25926.16,512,0,1968.2,0,0,1,1,0,YES
16,41183,16255.48,512,0,1625,0,0,1,1,0,YES
8,41214,32000,512,0,1968.2,0,0,1,1,0,YES
3,41275,72144.64,512,0,2096.64,0,0,1,1,0,YES
1,41275,46344.4,512,0,2096.64,0,0,1,1,0,YES
5,41275,34283.92,512,0,2096.64,0,0,1,1,0,YES
9,41275,26138.32,512,0,2096.64,0,0,1,1,0,YES
14,41275,47041.96,512,0,2096.64,0,0,1,1,0,YES
6,41275,30794.2,512,0,2096.64,0,0,1,1,0,YES
15,41275,24973,512,0,2096.64,0,0,1,1,0,YES
7,41275,20454.48,512,0,2045.45,0,0,1,1,0,YES
16,41275,16467.64,512,0,1646.76,0,0,1,1,0,YES
17,41275,20234.2,512,0,2023.42,0,0,1,1,0,YES
8,41275,32593.44,512,0,2096.64,0,0,1,1,0,YES
11,41275,2297.18,115.2,0,843.44,0,0,0.225,0,0,NO
19,41275,9496.34,256,0,949.63,0,0,0.3,0,0,NO
20,41275,11904.52,512,0,1190.45,0,0,1,0,0,NO
23,41275,14712.24,512,0,1471.22,0,0,1,1,0,YES
21,41275,16954.48,512,0,1695.45,0,0,1,0.95,0,YES
7,41334,25000,512,0,2096.64,0,0,1,1,0,YES
21,41334,19000,512,0,1900,0,0,1,0.95,0,YES
24,41518,15000,512,0,1500,0,0,1,1,0,YES
19,41455,9496.34,256,0,949.63,0,0,0.3,0,0,NO
21,41518,20000,512,0,2000,0,0,1,1,0,YES
25,41554,37667,512,0,2096.64,0,0,1,1,0,YES
1,41640,46525.8,512,0,2142.92,0,0,1,1,0,YES
3,41640,72326.04,512,0,2142.92,0,0,1,1,0,YES
5,41640,42329,512,0,2142.92,0,0,1,1,0,YES
6,41640,30975.6,512,0,2142.92,0,0,1,1,0,YES
7,41640,25181.4,512,0,2142.92,0,0,1,1,0,YES
8,41640,32774.88,512,0,2142.92,0,0,1,1,0,YES
9,41640,26319.72,512,0,2142.92,0,0,1,1,0,YES
11,41640,2337.96,115.2,0,861.64,0,0,0.225,0,0,NO
14,41640,47223.36,512,0,2142.92,0,0,1,1,0,YES
15,41640,25154.4,512,0,2142.92,0,0,1,1,0,YES
16,41640,16649.04,512,0,1665.04,0,0,1,1,0,YES
17,41640,20415.6,512,0,2041.52,0,0,1,1,0,YES
20,41640,13681.44,512,0,1368.12,0,0,1,0,0,NO
21,41640,20181.36,512,0,2018.12,0,0,1,1,0,YES
23,41640,14893.68,512,0,1489.37,0,0,1,1,0,YES
24,41640,15181.44,512,0,1518.4,0,0,1,1,0,YES
25,41640,37848.48,512,0,2142.92,0,0,1,1,0,YES
7,41760,30000,512,0,2142.92,0,0,1,1,0,YES
27,41791,4307,512,0,227,0,0,0.5,1,0,YES
11,41852,3896,115.2,0,625,0,0,0.225,0,0,NO
22,41852,27990,0,0,0,0,0,0.125,0,0,NO
21,41852,22000,512,0,2142.92,0,0,1,1,0,YES
27,41913,4307,512,0,227,0,0,0.5,1,0,YES
28,41821,15000,512,0,1500,0,0,1,1,0,YES
29,41791,8615,512,0,365,0,0,1,1,0,YES
30,41791,8615,512,0,365,0,0,1,1,0,YES
31,41883,15000,512,0,1500,0,0,1,1,0,YES
32,41883,20000,512,0,2100,0,0,1,1,0,YES
33,41883,16000,512,0,1700,0,0,1,1,0,YES
35,41960,35000,512,0,2142.92,0,0,1,1,0,YES
34,41932,56400,512,0,2142.92,0,0,1,1,0,YES
29,41912,8615,512,0,365,0,0,1,1,0,YES
30,41912,8615,512,0,365,0,0,1,1,0,YES
34,42005,56430.16,512,0,2142.92,0,0,1,1,0,YES
22,42005,27990.6,0,0,0,0,0,0.125,0,0,NO
33,42005,16030.12,512,0,1603,0,0,1,1,0,YES
14,42005,65000,512,0,2142.92,0,0,1,1,0,YES
28,42005,15750.16,512,0,1575,0,0,1,1,0,YES
6,42005,31005.76,512,0,2142.92,0,0,1,1,0,YES
16,42005,16679.2,512,0,1668,0,0,1,1,0,YES
35,42005,35030.16,512,0,2142.92,0,0,1,1,0,YES
23,42005,16000,512,0,1600,0,0,1,1,0,YES
31,42005,15030.16,512,0,1503,0,0,1,1,0,YES
7,42005,30006.96,512,0,2142.92,0,0,1,1,0,YES
5,42005,42359.56,512,0,2142.92,0,0,1,1,0,YES
1,42005,46555.96,512,0,2142.92,0,0,1,1,0,YES
8,42005,32805.04,512,0,2142.92,0,0,1,1,0,YES
9,42005,26349.88,512,0,2142.92,0,0,1,1,0,YES
15,42005,25184.56,512,0,2142.92,0,0,1,1,0,YES
11,42005,7030.96,115.2,0,703,0,0,0.225,0,0,NO
25,42005,37878.64,512,0,2142.92,0,0,1,1,0,YES
21,42005,22030.12,512,0,2203,0,0,1,1,0,YES
24,42005,15211.6,512,0,1521.16,0,0,1,1,0,YES
17,42005,20445.76,512,0,2044.58,0,0,1,1,0,YES
3,42005,72356.2,512,0,2142.92,0,0,1,1,0,YES
11,42217,11718.26,115.2,0,1171.2,0,0,0.625,0,0,NO
31,42705,17500,512,0,1750,0,0,1,1,0,YES
20,42217,19500,512,0,1950,0,0,1,0,0,NO
16,42370,19000,512,0,1900,0,0,1,1,0,YES
8,42309,36000,512,0,2142.92,0,0,1,1,0,YES
33,42309,21000,512,0,2100,0,0,1,1,0,YES
5,42370,65000,512,0,2213,0,0,1,1,0,YES
7,42370,40000,512,0,2213,0,0,1,1,0,YES
21,42370,26000,512,0,2213,0,0,1,1,0,YES
17,42278,24000,512,0,2044.58,0,0,1,1,0,YES
6,42370,35000,512,0,2213,0,0,1,1,0,YES
23,42309,25000,512,0,2142.92,0,0,1,1,0,YES
25,42309,41600,512,0,2142.92,0,0,1,1,0,YES
15,42278,30000,512,0,2142.92,0,0,1,1,0,YES
3,42370,95000,512,0,2213,0,0,1,1,0,YES
1,42370,75000,512,0,2113,0,0,1,1,0,YES
9,42217,26349.88,512,0,2142.92,0,0,1,1,0,YES
24,42248,15211.6,512,0,1521.16,0,0,1,1,0,YES
28,42370,15750.16,512,0,1575,0,0,1,1,0,YES
20,42370,19591,512,0,1959,0,0,1,0,0,NO
8,42370,36000,512,0,2213,0,0,1,1,0,YES
34,42370,56521.16,512,0,2213,0,0,1,1,0,YES
17,42370,24091,512,0,2213,0,0,1,1,0,YES
11,42370,11112,115.2,0,1111,0,0,0.625,0,0,NO
35,42370,35121,512,0,2213,0,0,1,1,0,YES
14,42370,65091,512,0,2213,0,0,1,1,0,YES
23,42370,25000,512,0,2213,0,0,1,1,0,YES
25,42675,41600,512,0,2213,0,0,1,1,0,YES
15,42370,30091,512,0,2213,0,0,1,1,0,YES
32,42370,20121,512,0,2012,0,0,1,1,0,YES
38,42370,20000,512,0,2000,0,0,1,1,0,YES
38,42430,20000,512,0,2000,0,0,1,1,0,YES
39,42491,20000,512,0,2000,0,0,1,1,0,YES
35,42491,35121,512,0,2213,0,0,1,1,0,YES
16,42594,19000,512,0,1900,0,0,1,1,0,YES
25,42522,50000,512,0,2213,0,0,1,1,0,YES
40,42644,16000,512,0,1600,0,0,1,1,0,YES
41,42675,30000,512,0,2213,0,0,1,1,0,YES
39,42675,24000,512,0,2213,0,0,1,1,0,YES
32,42736,20121,512,0,2012,0,0,1,1,0,YES
1,42675,75000,512,0,2113,0,0,1,1,0,YES
33,42736,24000,512,0,2348.84,0,0,1,1,0,YES
40,42826,18000,512,0,1600,0,0,1,1,0,YES
42,42767,60000,512,0,2348.84,0,0,0,0,0,NO
8,42856,45000,512,0,2213,0,0,1,1,0,YES
22,42856,10000,0,0,0,0,0,0.125,0,0,NO
3,42736,95091,512,0,2348.84,0,0,1,1,0,YES
5,42736,65091,512,0,2348.84,0,0,1,1,0,YES
6,42736,35091,512,0,2348.84,0,0,1,1,0,YES
7,42736,40090.92,512,0,2348.84,0,0,1,1,0,YES
8,42736,45000,512,0,2348.84,0,0,1,1,0,YES
11,42736,11169.72,115.2,0,1150.24,0,0,0.625,0,0,NO
14,42736,65181.96,512,0,2348.84,0,0,1,1,0,YES
15,42736,30181.92,512,0,2252.64,0,0,1,1,0,YES
17,42736,24181.92,512,0,2124.72,0,0,1,1,0,YES
22,43101,10071.24,0,0,0,0,0,0.125,0,0,NO
23,42736,25090.92,512,0,2348.84,0,0,1,1,0,YES
25,42736,49578.48,512,0,2348.84,0,0,1,1,0,YES
31,42736,17590.92,512,0,1811.68,0,0,1,1,0,YES
34,42736,56612.04,512,0,2348.84,0,0,1,1,0,YES
39,42736,24090.96,512,0,2348.84,0,0,1,1,0,YES
40,42736,16022.73,512,0,1657.24,0,0,1,1,0,YES
41,42736,30090.96,512,0,2348.84,0,0,1,1,0,YES
20,42736,19681.92,512,0,2027.48,0,0,1,0,0,NO
43,42917,13000,512,0,1300,0,0,1,1,0,NO
31,42979,17590.92,512,0,1811.68,0,0,1,1,0,YES
40,42979,18000,512,0,1600,0,0,1,1,0,YES
45,42917,16000,512,0,1600,0,0,1,1,0,YES
44,42917,9000,512,0,900,0,0,1,1,0,NO
36,42917,9000,512,0,900,0,0,1,1,0,NO
46,42948,19000,512,0,1900,0,0,1,1,0,YES
36,42993,9000,512,0,900,0,0,1,1,0,NO
44,42993,9000,512,0,900,0,0,1,1,0,NO
43,42993,13000,512,0,1300,0,0,1,1,0,NO
3,43101,95305.28,512,0,2370.16,0,0,1,1,0,YES
5,43101,75000,512,0,2370.16,0,0,1,1,0,YES
6,43101,35305.28,512,0,2370.16,0,0,1,1,0,YES
7,43101,45071.24,512,0,2370.16,0,0,1,1,0,YES
8,43101,45214.28,512,0,2370.16,0,0,1,1,0,YES
11,43101,11292.92,320.3,0,1125.8,0,0,0.625,0,0,NO
14,43101,65396.24,512,0,2370.16,0,0,1,1,0,YES
15,43101,30391,512,0,2201.68,0,0,1,1,0,YES
17,43101,24387.36,512,0,2076.88,0,0,1,1,0,YES
21,43101,34071.2,512,0,2370.16,0,0,1,1,0,YES
23,43101,25305.2,512,0,2370.16,0,0,1,1,0,YES
25,43101,49792.76,512,0,2370.16,0,0,1,1,0,YES
33,43101,24214.28,512,0,2370.16,0,0,1,1,0,YES
34,43101,56826.32,512,0,2370.16,0,0,1,1,0,YES
39,43101,24305.24,512,0,2370.16,0,0,1,1,0,YES
41,43101,30305.24,512,0,2370.16,0,0,1,1,0,YES
45,43101,16191.36,512,0,1614.08,0,0,1,1,0,YES
47,43101,24214.28,512,0,2370.16,0,0,1,1,0,YES
20,43101,19884.24,512,0,1982.76,0,0,1,0,0,NO
46,43101,19200.2,512,0,1914.2,0,0,1,1,0,YES
42,43101,60214.28,512,0,2370.16,0,0,0,0,0,NO
3,43101,95305.28,512,0,2370.16,0,0,1,0.5,0,YES
39,43221,24305.24,512,0,2370.16,0,0,1,1,0,YES
36,43313,16000,512,0,1600,0,0,1,1,0,YES
50,43313,16000,512,0,1600,0,0,1,1,0,YES
51,43282,16000,512,0,1600,0,0,1,1,0,YES
43,43313,13000,512,0,1300,0,0,1,1,0,NO
45,43466,20000,512,0,2059.72,0,0,1,1,0,YES
51,43466,18000,512,0,1852.08,0,0,1,1,0,YES
8,43466,45316.2,512,0,2492.36,0,0,1,1,0,YES
34,43466,65000,512,0,2492.36,0,0,1,1,0,YES
36,43466,18000,512,0,1854.32,0,0,1,1,0,YES
33,43466,29000,512,0,2492.36,0,0,1,1,0,YES
5,43466,75173.16,512,0,2492.36,0,0,1,1,0,YES
7,43466,55000,512,0,2370.16,0,0,1,1,0,YES
17,43466,24387.36,512,0,2157.48,0,0,1,1,0,YES
41,43466,37500,512,0,2492.36,0,0,1,1,0,YES
14,43466,75000,512,0,2492.36,0,0,1,1,0,YES
47,43466,30000,512,0,2492.36,0,0,1,1,0,YES
23,43466,25407.12,512,0,2492.36,0,0,1,1,0,YES
25,43466,60000,512,0,2492.36,0,0,1,1,0,YES
50,43466,18000,512,0,1854.08,0,0,1,1,0,YES
3,43466,95407.2,512,0,2492.36,0,0,1,0,0,YES
6,43466,35407.2,512,0,2492.36,0,0,1,1,0,YES
11,43466,11367.36,320.3,0,1171.04,0,0,0.625,0,0,NO
15,43466,32000,512,0,2285.4,0,0,1,1,0,YES
17,43525,27000,512,0,2157.48,0,0,1,1,0,YES
22,43466,9999.96,0,0,0,0,0,0.125,0,0,NO
21,43466,34173.12,512,0,2492.36,0,0,1,1,0,YES
23,43525,28000,512,0,2492.36,0,0,1,1,0,YES
42,43466,60316.2,512,0,2491.36,0,0,1,0,0,NO
52,43466,27000,512,0,2492.36,0,0,1,1,0,YES
53,43466,24000,512,0,2471.56,0,0,1,1,0,YES
54,43497,55000,512,0,2492.36,0,0,1,1,0,YES
55,43497,22000,512,0,2266.04,0,0,1,1,0,YES
57,43525,28000,512,0,2492.36,0,0,1,1,0,YES
46,43466,20673.12,512,0,2054.52,0,0,1,1,0,YES
20,43466,19946.16,512,0,2054.52,0,0,1,0,0,NO
7,43525,55000,512,0,2370.16,0,0,1,1,0,YES
41,43556,37500,512,0,2492.36,0,0,1,1,0,YES
45,43556,20000,512,0,2059.72,0,0,1,1,0,YES
23,43525,30000,512,0,2492.36,0,0,1,1,0,YES
53,43617,31000,512,0,2471.56,0,0,1,1,0,YES
46,43699,20673.12,512,0,2054.52,0,0,1,1,0,YES
36,43729,18000,512,0,1854.32,0,0,1,1,0,YES
50,43800,25000,512,0,2200,0,0,1,1,0,YES
6,43831,40000,512,0,2492.36,0,0,1,1,0,YES
60,43770,20000,512,0,2000,0,0,1,1,0,YES
59,43739,30000,512,0,2491.36,0,0,1,1,0,YES
11,43831,23000,512,0,2300,0,0,1,0,0,NO
60,43891,20000,512,0,2000,0,0,1,1,0,YES
22,43891,9999.96,0,0,0,0,0,0.125,0,0,NO
47,43891,30000,512,0,2492.36,0,0,1,1,0,YES
3,43831,95588.64,512,0,2573.48,0,0,1,0.5,0,NO
5,43831,75354.6,512,0,2573.48,0,0,1,1,0,YES
6,43831,40000,512,0,2573.48,0,0,1,1,0,YES
8,43831,55000,512,0,2573.48,0,0,1,1,0,YES
11,43831,23000,512,0,1655.68,0,0,1,1,0,NO
14,43831,75181.44,512,0,2573.48,0,0,1,1,0,YES
15,43831,32679.87,512,0,2304.12,0,0,1,1,0,YES
17,43831,27182.16,512,0,2176.2,0,0,1,1,0,YES
21,43831,34354.68,512,0,2573.48,0,0,1,1,0,YES
23,43831,30181.44,512,0,2573.48,0,0,1,1,0,YES
25,43831,60181.44,512,0,2573.48,0,0,1,1,0,YES
33,43831,29181.48,512,0,2573.48,0,0,1,1,0,YES
34,43831,65181.36,512,0,2573.48,0,0,1,1,0,YES
42,43831,60497.64,512,0,2573.48,0,0,1,0,0,NO
43,43831,2880,102.5,0,28.08,0,0,0.2,0,0,NO
50,43831,25000.08,512,0,2573.48,0,0,1,1,0,YES
51,43831,18181.44,512,0,1872.52,0,0,1,1,0,YES
52,43831,27171.44,512,0,2573.48,0,0,1,1,0,YES
53,43831,31181.28,512,0,2573.48,0,0,1,1,0,YES
54,43831,55181.4,512,0,2573.48,0,0,1,1,0,YES
55,43831,22181.4,512,0,2284.88,0,0,1,1,0,YES
57,43831,28181.4,512,0,2573.4,0,0,1,1,0,YES
59,43831,30181.2,512,0,2573.48,0,0,1,1,0,YES
57,43983,28181.4,512,0,2573.4,0,0,1,1,0,YES
14,43922,75181.44,512,0,2573.48,0,0,1,0.5,0,NO
42,43922,60497.64,512,0,2573.48,0,0,1,1,0,NO
20,43586,19946.16,512,0,2054.52,0,0,1,0,0,NO
5,43982,75354.6,512,0,2573.48,0,0,1,1,0,YES
51,44013,25000,512,0,1872.52,0,0,1,1,0,YES
61,44035,6240,102.5,0,28.08,0,0,0.6,1,0,NO
43,44035,15600,512,0,1560,0,0,1,0,0,NO
62,44035,2600,102.5,0,28.08,0,0,1,1,0,NO
43,44105,5200,512,0,520,0,0,0.4,1,0,NO
17,44105,31000,512,0,2570,0,0,1,1,0,YES
61,44105,6240,102.5,0,28.08,0,0,0.6,1,0,NO
63,44105,18000,512,0,1800,0,0,1,1,0,YES
34,44224,65272.32,512.48,0,2601.56,0,0,1,1,0,YES
33,44224,29272.44,512.48,0,2601.56,0,0,1,1,0,YES
54,44224,55272.36,512.48,0,2601.56,0,0,1,1,0,YES
14,44224,75272.4,512.48,0,2601.56,0,0,1,0.5,0,NO
6,44224,40090.92,512.48,0,2601.56,0,0,1,1,0,YES
23,44224,30272.4,512.48,0,2601.56,0,0,1,1,0,YES
52,44224,32000,512.48,0,2601.56,0,0,1,1,0,YES
55,44224,25000,512.48,0,2523.56,0,0,1,1,0,YES
5,44224,75445.56,512.48,0,2601.56,0,0,1,1,0,YES
51,44224,25090.92,512.48,0,2584.4,0,0,1,1,0,YES
53,44224,31272.36,512.48,0,2601.59,0,0,1,1,0,YES
8,44224,55090.92,512.48,0,2601.56,0,0,1,1,0,YES
15,44224,32272.44,512.48,0,2313.48,0,0,1,1,0,YES
63,44224,18000,512.48,0,1854.32,0,0,1,1,0,YES
11,44224,21090.92,512.48,0,2172.56,0,0,1,0,0,NO
50,44224,25090.92,512.48,0,2584.4,0,0,1,1,0,YES
25,44224,60272.4,512.48,0,2601.56,0,0,1,1,0,YES
21,44224,34445.52,512.48,0,2601.56,0,0,1,1,0,YES
17,44224,30000,512.48,0,2465.84,0,0,1,1,0,YES
59,44224,30272.4,512.48,0,2601.56,0,0,1,1,0,YES
42,44224,60588.6,512.48,0,2601.56,0,0,1,1,0,NO
43,44224,7500,200,0,450,0,0,0.4,1,0,NO
62,44224,2600,105.36,0,450,0,0,1,1,0,NO
3,44224,95679.6,512.48,0,2601.56,0,0,1,0.5,0,NO
64,44287,22000,512.48,0,2266.16,0,0,1,1,0,YES
65,44287,18670,512.48,0,1922.96,0,0,1,1,0,YES
66,44378,15600,512.48,0,1560,0,0,1,1,0,NO
66,44470,2600,105.36,0,1560,0,0,1,1,0,NO
61,44378,6240,102.5,0,28.08,0,0,0.6,1,0,NO
61,44470,6240,102.5,0,28.08,0,0,0.6,1,0,NO
67,44378,12500,512,0,1250,0,0,1,1,0,NO
67,44470,12500,512,0,1250,0,0,1,1,0,NO
58,44409,18000,512,0,1854.32,0,0,1,1,0,YES
54,44470,65000,512.2,0,2601.56,0,0,1,1,0,YES
53,44531,31272.36,512.48,0,2601.59,0,0,1,1,0,YES
34,44562,65363.28,512.52,0,2676.44,0,0,1,1,0,YES
33,44562,29363.4,512.52,0,2676.44,0,0,1,1,0,YES
54,44562,65000.04,512.52,0,2676.44,0,0,1,1,0,YES
14,44562,75363.36,512.52,0,2676.44,0,0,1,0.5,0,NO
6,44562,40181.88,512.52,0,2676.44,0,0,1,1,0,YES
23,44562,35000.04,512.52,0,2676.44,0,0,1,1,0,YES
52,44562,32091,512.52,0,2676.44,0,0,1,1,0,YES
55,44562,24590.88,512.52,0,2532.92,0,0,1,1,0,YES
64,44562,27500.04,512.52,0,2676.44,0,0,1,1,0,YES
5,44562,75536.52,512.52,0,2676.44,0,0,1,1,0,YES
51,44562,27500.04,512.52,0,2676.44,0,0,1,1,0,YES
8,44562,55181.88,512.52,0,2676.44,0,0,1,1,0,YES
58,44562,18090.96,512.52,0,1863.16,0,0,1,1,0,YES
65,44562,18760.92,512.52,0,1932.32,0,0,1,1,0,YES
15,44562,32363.4,512.52,0,2322.84,0,0,1,1,0,YES
63,44562,22500,512.52,0,2317.64,0,0,1,1,0,YES
11,44562,21181.92,512.52,0,2181.4,0,0,1,0,0,NO
50,44562,27500.04,512.52,0,2676.44,0,0,1,1,0,YES
25,44562,60363.36,512.52,0,2676.44,0,0,1,1,0,YES
21,44562,34536.48,512.52,0,2676.44,0,0,1,1,0,YES
17,44562,30090.96,512.52,0,2475.72,0,0,1,1,0,YES
59,44562,30363.36,512.52,0,2676.44,0,0,1,1,0,YES
42,44562,60679.56,512.52,0,2676.44,0,0,1,1,0,NO
3,44562,95770.56,512.52,0,2676.44,0,0,1,0.5,0,NO
33,44734,35000,512.52,0,2676.44,0,0,1,1,0,YES
21,44774,42000,512.52,0,2676.44,0,0,1,1,0,YES
55,44958,24590.88,512.52,0,2532.92,0,0,1,1,0,YES
3,44927,96285.36,512.52,0,2763.8,0,0,1,0.5,0,NO
5,44927,92329.44,512.52,0,2763.8,0,0,1,1,0,YES
6,44927,40696.68,512.52,0,2763.8,0,0,1,1,0,YES
8,44927,55696.68,512.52,0,2763.8,0,0,1,1,0,YES
14,44927,75878.16,512.52,0,2763.8,0,0,1,0.5,0,NO
15,44927,32878.2,512.52,0,2375.88,0,0,1,1,0,YES
17,44927,30605.76,512.52,0,2528.76,0,0,1,1,0,YES
21,44927,42514.8,512.52,0,2763.8,0,0,1,1,0,YES
23,44927,35514.84,512.52,0,2763.8,0,0,1,1,0,YES
25,44927,60878.16,512.52,0,2763.8,0,0,1,1,0,YES
33,44927,35514.84,512.52,0,2763.8,0,0,1,1,0,YES
34,44927,65878.08,512.52,0,2763.8,0,0,1,1,0,YES
42,44927,61194.36,512.52,0,2763.8,0,0,1,0,0,NO
43,44927,19000,512.52,0,1900,0,0,0.4,1,0,NO
50,44927,30000,512.52,0,2763.8,0,0,1,1,0,YES
51,44927,28014.84,512.52,0,2763.8,0,0,1,1,0,YES
52,44927,32605.8,512.52,0,2763.8,0,0,1,1,0,YES
54,44927,65514.84,512.52,0,2763.8,0,0,1,1,0,YES
59,44927,30878.16,512.52,0,2763.8,0,0,1,1,0,YES
63,44927,23014.8,512.52,0,2370.68,0,0,1,1,0,YES
64,44927,28014.84,512.52,0,2763.8,0,0,1,1,0,YES
65,44927,19275.72,512.52,0,1985.36,0,0,1,1,0,YES
58,44927,23499.96,512.52,0,2420.6,0,0,1,1,0,YES
14,44986,90000,512.52,0,2763.8,0,0,1,0.5,0,YES
51,45034,30000,512.52,0,2763.8,0,0,1,1,0,YES
11,45017,28000,512.52,0,2181.4,0,0,1,0,0,NO
21,45108,52500,512.52,0,2763.8,0,0,1,1,0,YES
64,45108,33500,512.52,0,2763.8,0,0,1,1,0,YES
50,45108,36000,512.52,0,2763.8,0,0,1,1,0,YES
3,45108,120000,512.52,0,2763.8,0,0,1,0.5,0,YES
43,45108,24000,512.52,0,2400,0,0,1,1,0,YES
34,45108,72500,512.52,0,2763.8,0,0,1,1,0,YES
54,45108,72500,512.52,0,2763.8,0,0,1,1,0,YES
25,45108,67500,512.52,0,2763.8,0,0,1,1,0,YES
8,45108,62500,512.52,0,2763.8,0,0,1,1,0,YES
33,45078,35514.84,512.52,0,2763.8,0,0,1,1,0,YES
70,45108,27000,512.52,0,2700,0,0,1,1,0,YES
69,45108,8000,512.52,0,800,0,0,1,1,0,NO
71,45200,27000,512.52,0,2700,0,0,1,1,0,YES
43,45292,40000,512.52,0,2700,0,0,1,1,0,YES
17,45200,30605.76,512.52,0,2528.76,0,0,1,1,0,YES
6,45292,45000,512.52,0,2763.8,0,0,1,1,0,YES
23,45292,42500,512.52,0,2763.8,0,0,1,1,0,YES
15,45292,37000,512.52,0,2375.88,0,0,1,1,0,YES
3,45292,96951.48,512.52,0,2905.99,0,0,1,0.5,0,YES
5,45292,92995.56,512.52,0,2905.99,0,0,1,1,0,YES
6,45292,41362.8,512.52,0,2905.99,0,0,1,1,0,YES
8,45292,56362.8,512.52,0,2905.99,0,0,1,1,0,YES
14,45292,90666.12,512.52,0,2905.99,0,0,1,0.5,0,YES
15,45292,33544.32,512.52,0,2491.53,0,0,1,1,0,YES
21,45292,43180.92,512.52,0,2905.99,0,0,1,1,0,YES
23,45292,42500.04,512.52,0,2905.99,0,0,1,1,0,YES
25,45292,61544.28,512.52,0,2905.99,0,0,1,1,0,YES
34,45292,66544.2,512.52,0,2905.99,0,0,1,1,0,YES
42,45292,64860.48,512.52,0,2905.99,0,0,1,0,0,NO
43,45292,39996.36,512.52,0,2905.99,0,0,1,1,0,YES
50,45292,36000,512.52,0,2905.99,0,0,1,1,0,YES
51,45292,35000.04,512.52,0,2905.99,0,0,1,1,0,YES
52,45292,33271.92,512.52,0,2905.99,0,0,1,1,0,YES
54,45292,66180.96,512.52,0,2905.99,0,0,1,1,0,YES
59,45292,31544.28,512.52,0,2905.99,0,0,1,1,0,YES
63,45292,27666.12,512.52,0,2904.4,0,0,1,1,0,YES
64,45292,40166.28,512.52,0,2905.99,0,0,1,1,0,YES
64,45323,40166.28,512.52,0,2905.99,0,0,1,1,0,YES
65,45292,21981.84,512.52,0,2093.5,0,0,1,1,0,YES
58,45292,24166.08,512.52,0,2536.58,0,0,1,1,0,YES
70,45292,27666.12,512.52,0,2904.4,0,0,1,1,0,YES
11,45292,28698.12,512.52,0,2886.91,0,0,1,0,0,NO
71,45292,27666.12,512.52,0,2904.4,0,0,1,1,0,YES
72,45292,16000,512.52,0,1700,0,0,1,1,0,YES
25,45383,67500,512.52,0,2905.99,0,0,1,1,0,YES
52,45383,42000,512.52,0,2905.99,0,0,1,1,0,YES
15,45383,40000,512.52,0,2375.88,0,0,1,1,0,YES
54,45383,72500,512.52,0,2905.99,0,0,1,1,0,YES
34,45383,66500,512.52,0,2905.99,0,0,1,1,0,YES
58,45383,30000,512.52,0,2536.58,0,0,1,1,0,YES
8,45444,70000,512.52,0,2905.99,0,0,1,1,0,YES
69,45200,8000,512.52,0,1800,0,0,1,1,0,YES
69,45536,18000,512.52,0,1800,0,0,1,1,0,YES
73,45444,40000,512.52,0,2905.99,0,0,1,1,0,YES
74,45600,50000,512.52,0,2905.99,0,0,1,0,0,NO
71,45600,32000,512.52,0,2904.4,0,0,1,1,0,YES
73,45748,50000,512.52,0,2905.99,0,0,1,1,0,YES
3,45658,97218.36,512.52,0,2905.99,0,0,1,0.5,0,YES
5,45658,93265.41,512.52,0,2905.99,0,0,1,1,0,YES
6,45658,41640.8,512.52,0,2763.8,0,0,1,1,0,YES
8,45658,70261.05,512.52,0,2905.99,0,0,1,1,0,YES
14,45658,90935.85,512.52,0,2905.99,0,0,1,0.5,0,YES
15,45658,40268.03,512.52,0,2375.88,0,0,1,1,0,YES
21,45658,43450.36,512.52,0,2905.99,0,0,1,1,0,YES
23,45658,42763.98,512.52,0,2763.8,0,0,1,1,0,YES
25,45658,67765.1,512.52,0,2905.99,0,0,1,1,0,YES
34,45658,66808.32,512.52,0,2905.99,0,0,1,1,0,YES
42,45658,62128.41,512.52,0,2905.99,0,0,1,0,0,NO
43,45658,40268.03,512.52,0,2700,0,0,1,1,0,YES
50,45658,36274.5,512.52,0,2905.99,0,0,1,1,0,YES
50,45689,49998.08,512.52,0,2905.99,0,0,1,1,0,YES
51,45658,35276.12,512.52,0,2905.99,0,0,1,1,0,YES
52,45658,45280.73,512.52,0,2905.99,0,0,1,1,0,YES
54,45658,72777.8,512.52,0,2905.99,0,0,1,1,0,YES
59,45658,35276.12,512.52,0,2905.99,0,0,1,1,0,YES
65,45658,20217.21,512.52,0,2093.5,0,0,1,1,0,YES
58,45658,30263.42,512.52,0,2536.58,0,0,1,1,0,YES
70,45658,27933.86,512.52,0,2904.4,0,0,1,1,0,YES
11,45658,28953.04,512.52,0,2886.91,0,0,1,0,0,NO
71,45658,32280.98,512.52,0,2904.4,0,0,1,1,0,YES
72,45658,16265.29,512.52,0,1700,0,0,1,1,0,YES
74,45658,50272.63,512.52,0,2905.99,0,0,1,0,0,NO
73,45658,49998.08,512.52,0,2905.99,0,0,1,1,0,YES
69,45658,18262.05,512.52,0,1800,0,0,1,1,0,YES
34,45979,75000,512.52,0,2905.99,0,0,1,1,0,YES
70,45931,27933.86,512.52,0,2904.4,0,0,1,1,0,YES
52,45961,45280.73,512.52,0,2905.99,0,0,1,1,0,YES
76,45962,95000,512.52,0,2905.99,0,0,1,1,0,YES
63,45658,27666.12,512.52,0,2904.4,0,0,1,1,0,YES
21,45901,60000,512.52,0,2905.99,0,0,1,1,0,YES
62,45505,2600,105.36,0,450,0,0,1,1,0,NO
69,45901,24000,512.52,0,1800,0,0,1,1,0,YES
72,45979,20000,512.52,0,1700,0,0,1,1,0,YES
77,45962,18000,512,0,1800,0,0,1,1,0,YES
